id,airport,name,address,city,zip,lat,lon,dist_mi,rooms_approx,class,shuttle,surge_tier,best_windows,addr_confidence,notes
tpa-01,TPA,Tampa Airport Marriott,"Tampa International Airport Main Terminal",Tampa,33607,27.9757,-82.5340,0.1,400,full_service,none,A,"05:00-08:00;17:30-21:30",high,"In-terminal. Guests walk to their flights so no airport runs - but heavy dinner/downtown/Ybor demand and misconnect walk-ups late."
tpa-02,TPA,Tampa Marriott Westshore,"1001 N Westshore Blvd",Tampa,33607,27.9585,-82.5262,1.6,310,full_service,none,A,"04:45-07:30;17:30-21:00",high,"No shuttle plus corporate base equals reliable morning airport runs. Anchor of the Westshore cluster."
tpa-03,TPA,Hilton Tampa Airport Westshore,"2225 N Lois Ave",Tampa,33607,27.9600,-82.5175,2.0,238,full_service,limited_hours,A,"04:30-06:00;21:00-23:30",medium,"Shuttle does not run early or late - those are exactly your windows."
tpa-04,TPA,Grand Hyatt Tampa Bay,"2900 Bayport Dr",Tampa,33607,27.9628,-82.5460,1.5,445,resort,free,A,"18:00-22:00;event days",medium,"Large resort/conference property on the bay. Shuttle kills airport runs but dinner and event outflow is strong."
tpa-05,TPA,Renaissance Tampa International Plaza,"4200 Jim Walter Blvd",Tampa,33607,27.9614,-82.5253,1.8,293,full_service,none,A,"05:00-07:30;18:00-22:00",medium,"Attached to International Plaza mall. No shuttle. Shoppers and diners on top of hotel guests."
tpa-06,TPA,DoubleTree by Hilton Tampa Airport Westshore,"4500 W Cypress St",Tampa,33607,27.9560,-82.5190,2.0,489,full_service,free,A,"04:30-05:30;22:00-00:00",medium,"Largest room count in the cluster. Volume alone produces spillover when the shuttle is full or off-hours."
tpa-07,TPA,Embassy Suites by Hilton Tampa Airport Westshore,"555 N Westshore Blvd",Tampa,33609,27.9540,-82.5262,2.2,221,full_service,free,B,"05:00-06:00;18:30-21:30",medium,"All-suite, longer stays. Shuttle-served so lean on evening dining runs."
tpa-08,TPA,The Westin Tampa Bay,"7627 Courtney Campbell Cswy",Tampa,33607,27.9662,-82.5590,2.4,255,full_service,free,B,"18:00-21:30",medium,"On the causeway. Somewhat stranded - guests rideshare for anything off-property."
tpa-09,TPA,Crowne Plaza Tampa Westshore,"5303 W Kennedy Blvd",Tampa,33609,27.9455,-82.5290,2.8,222,full_service,none,B,"05:00-07:30;17:30-20:30",medium,"No shuttle. Southern edge of Westshore, good bridge toward Hyde Park demand."
tpa-10,TPA,Four Points by Sheraton Suites Tampa Airport Westshore,"4400 W Cypress St",Tampa,33607,27.9560,-82.5180,2.0,150,select_service,free,B,"04:30-06:00;21:30-23:30",high,"Off-hours only - shuttle covers the middle of the day."
tpa-11,TPA,Hampton Inn Tampa International Airport/Westshore,"4817 W Laurel St",Tampa,33607,27.9600,-82.5240,1.2,134,select_service,free,B,"04:30-05:45;22:00-23:30",high,"Closest of the select-service properties. Shuttle-served."
tpa-12,TPA,Courtyard Tampa Westshore/Airport,"3805 W Cypress St",Tampa,33607,27.9560,-82.5115,2.4,145,select_service,none,B,"05:00-07:30",medium,"No shuttle - punches above its size for morning airport runs."
tpa-13,TPA,Residence Inn Tampa Airport Westshore,"4312 W Boy Scout Blvd",Tampa,33607,27.9585,-82.5170,2.1,102,select_service,none,B,"05:30-08:00;18:00-20:30",medium,"Extended stay. Grocery and dinner runs midweek evenings."
tpa-14,TPA,Ramada by Wyndham Tampa Airport Westshore,"1200 N Westshore Blvd",Tampa,33607,27.9590,-82.5262,1.5,180,budget,free,C,"04:30-05:30",high,"Budget tier - riders more price-sensitive, surge captures are thinner."
tpa-15,TPA,TownePlace Suites Tampa Westshore/Airport,"4155 W Boy Scout Blvd",Tampa,33607,27.9590,-82.5145,2.3,94,select_service,free,C,"05:30-07:30",low,"Small extended-stay. Fill-in only."
tpa-16,TPA,La Quinta Inn & Suites Tampa Airport Stadium Westshore,"4730 W Spruce St",Tampa,33607,27.9585,-82.5230,1.2,116,budget,free,C,"event days",medium,"Best on Raymond James Stadium event days rather than as a standing spot."
tpa-17,TPA,Homewood Suites by Hilton Tampa Airport Westshore,"4750 N Dale Mabry Hwy",Tampa,33614,27.9820,-82.5060,2.6,126,select_service,free,C,"05:30-07:30",low,"Northern edge. Weaker than the core Westshore block."
tpa-18,TPA,Holiday Inn Express Tampa Stadium/Airport,"4732 N Dale Mabry Hwy",Tampa,33614,27.9800,-82.5060,2.7,120,select_service,none,C,"05:30-07:30;event days",low,"Pairs with the stadium calendar."
pie-01,PIE,Comfort Inn & Suites St. Pete-Clearwater International Airport,"3910 Ulmerton Rd",Clearwater,33762,27.8930,-82.6810,1.8,120,select_service,limited_hours,A,"03:30-05:30;22:00-00:30",high,"Allegiant red-eye schedule means very early and very late runs when the shuttle is dark. Best PIE spot."
pie-02,PIE,SpringHill Suites St. Petersburg Clearwater,"3485 Ulmerton Rd",Clearwater,33762,27.8935,-82.6880,1.6,120,select_service,none,A,"03:30-05:30;21:30-23:30",high,"No shuttle and closest to the field. Pairs with pie-01 on the same corridor."
pie-03,PIE,Hilton St. Petersburg Carillon Park,"950 Lake Carillon Dr",St. Petersburg,33716,27.8875,-82.6560,2.9,207,full_service,none,A,"05:00-07:30;17:30-20:30",medium,"Corporate Carillon office park. Weekday business travel, no shuttle. Strongest non-leisure demand near PIE."
pie-04,PIE,Holiday Inn St. Petersburg N - Clearwater,"3131 Executive Dr",Clearwater,33762,27.8950,-82.6830,1.9,150,select_service,free,B,"03:30-05:00;22:30-00:00",medium,"Off-hours only around the shuttle."
pie-05,PIE,Hampton Inn & Suites Clearwater/St. Petersburg-Ulmerton Rd,"3095 Executive Dr",Clearwater,33762,27.8945,-82.6845,1.8,110,select_service,limited_hours,B,"03:30-05:30;22:00-23:30",low,"Same Ulmerton cluster. Address approximate - navigate by name."
pie-06,PIE,Home2 Suites by Hilton Clearwater St. Petersburg Ulmerton Rd,"Ulmerton Rd (verify by name)",Clearwater,33762,27.8940,-82.6900,1.7,110,select_service,none,B,"04:00-06:00;18:00-20:00",low,"Extended stay, no shuttle. Address unverified - navigate by name."
pie-07,PIE,Courtyard St. Petersburg Clearwater,"3131 Executive Dr",Clearwater,33762,27.8952,-82.6825,2.0,120,select_service,none,B,"05:00-07:30",low,"Business-leaning. Address approximate."
pie-08,PIE,Residence Inn St. Petersburg Clearwater,"5050 Ulmerton Rd",Clearwater,33760,27.8930,-82.6650,2.7,130,select_service,none,C,"05:30-07:30;18:00-20:00",low,"Eastern end of the corridor, further from the field."
srq-01,SRQ,Hyatt Place Sarasota/Bradenton Airport,"950 University Pkwy",Sarasota,34234,27.3880,-82.5490,0.6,120,select_service,free,A,"04:45-07:30;18:00-21:00",medium,"Directly across University Pkwy from the terminal. Closest reliable stage point at SRQ."
srq-02,SRQ,Courtyard Sarasota Bradenton Airport,"850 University Pkwy",Sarasota,34234,27.3885,-82.5505,0.5,130,select_service,none,A,"05:00-07:30",medium,"Across from the terminal, no shuttle. See notes - strong morning spot."
srq-03,SRQ,Hampton Inn & Suites Sarasota/Bradenton Airport,"975 University Pkwy",Sarasota,34234,27.3875,-82.5470,0.7,110,select_service,free,B,"04:45-06:00;21:00-23:00",medium,"Shuttle-served, so work the shoulders."
srq-04,SRQ,Homewood Suites by Hilton Sarasota/Airport,"5100 N Tamiami Trl",Sarasota,34234,27.3760,-82.5540,1.4,100,select_service,none,B,"05:30-07:30;18:00-20:30",low,"Extended stay on the Tamiami corridor. Address approximate."
srq-05,SRQ,Embassy Suites by Hilton Sarasota,"202 N Tamiami Trl",Sarasota,34236,27.3410,-82.5480,3.0,180,full_service,none,A,"06:00-08:00;17:30-22:00",medium,"Downtown/bayfront edge of the 3 mi ring. Dinner and Van Wezel event outflow is excellent."
srq-06,SRQ,The Ritz-Carlton Sarasota,"1111 Ritz-Carlton Dr",Sarasota,34236,27.3350,-82.5490,3.2,266,resort,none,A,"18:00-22:30",medium,"Just outside 3 mi but included deliberately - highest fare-per-trip in the SRQ zone. Evening only."
srq-07,SRQ,Art Ovation Hotel Autograph Collection,"1255 N Palm Ave",Sarasota,34236,27.3375,-82.5460,3.1,162,boutique,none,B,"18:00-23:00",medium,"Downtown arts district. Tracks the theater and gallery calendar."
srq-08,SRQ,Hotel Indigo Sarasota,"1223 Blvd of the Arts",Sarasota,34236,27.3420,-82.5455,2.9,95,boutique,none,B,"18:00-22:00",medium,"Small but well placed for downtown dinner runs."
srq-09,SRQ,Fairfield Inn & Suites Sarasota Bradenton,"3900 N Washington Blvd",Sarasota,34234,27.3800,-82.5330,1.8,110,select_service,none,C,"05:30-07:30",low,"Budget-leaning. Fill-in spot. Address approximate."
rsw-01,RSW,Hyatt Place Fort Myers/Airport,"12291 Chamberlin Pkwy",Fort Myers,33913,26.5390,-81.7690,2.2,140,select_service,free,A,"04:00-06:30;21:30-23:30",medium,"Closest hotel to RSW. Work the shuttle shoulders - RSW banks start very early in season."
rsw-02,RSW,Hilton Garden Inn Fort Myers Airport/FGCU,"16410 Corporate Commerce Way",Fort Myers,33913,26.5170,-81.7720,2.9,126,select_service,limited_hours,A,"04:00-06:00;21:00-23:00",medium,"FGCU and corporate park traffic on top of airport guests."
rsw-03,RSW,Four Points by Sheraton Fort Myers Airport,"11660 Chamberlin Pkwy",Fort Myers,33913,26.5400,-81.7660,2.4,120,select_service,free,B,"04:00-06:00;21:30-23:00",low,"Same Chamberlin cluster. Address approximate - navigate by name."
rsw-04,RSW,Home2 Suites by Hilton Fort Myers Airport,"16450 Corporate Commerce Way",Fort Myers,33913,26.5165,-81.7715,2.9,110,select_service,none,B,"04:30-06:30",low,"No shuttle. Address approximate."
rsw-05,RSW,Holiday Inn Express & Suites Fort Myers Airport,"9450 Marketplace Rd",Fort Myers,33912,26.5480,-81.8100,3.6,100,select_service,free,B,"04:30-06:00;21:00-23:00",low,"Daniels corridor - outside 3 mi, listed because the true 3 mi ring at RSW is nearly empty."
rsw-06,RSW,SpringHill Suites Fort Myers Airport,"9501 Marketplace Rd",Fort Myers,33912,26.5470,-81.8090,3.7,110,select_service,free,B,"04:30-06:00",low,"Daniels corridor. Address approximate."
rsw-07,RSW,Comfort Inn & Suites Fort Myers Airport,"9401 Marketplace Rd",Fort Myers,33912,26.5485,-81.8110,3.6,90,budget,limited_hours,C,"04:30-05:30;22:00-23:00",low,"Shuttle runs 05:00-22:00 only - the gaps are the opportunity."
rsw-08,RSW,Hampton Inn & Suites Fort Myers Airport,"16450 Corporate Commerce Way",Fort Myers,33913,26.5160,-81.7700,3.0,110,select_service,free,C,"04:30-06:00",low,"Address approximate - navigate by name."
pgd-01,PGD,Holiday Inn Express & Suites Punta Gorda,"26505 N Jones Loop Rd",Punta Gorda,33950,26.9110,-81.9880,2.0,90,select_service,none,B,"tied to Allegiant bank times",low,"Closest to PGD. Only worth staging around published departure banks - otherwise dead."
pgd-02,PGD,Fairfield Inn & Suites Punta Gorda,"26506 N Jones Loop Rd",Punta Gorda,33950,26.9105,-81.9870,2.1,85,select_service,none,B,"tied to Allegiant bank times",low,"Same Jones Loop cluster as pgd-01."
pgd-03,PGD,Four Points by Sheraton Punta Gorda Harborside,"33 Tamiami Trl",Punta Gorda,33950,26.9290,-82.0510,4.2,105,full_service,none,C,"18:00-21:30",medium,"Downtown harborside - outside 3 mi. Dinner runs, not airport runs."
pgd-04,PGD,The Wyvern Hotel,"101 E Retta Esplanade",Punta Gorda,33950,26.9320,-82.0480,4.3,63,boutique,none,C,"18:00-22:00",medium,"Small boutique. Rooftop bar produces late evening trips."
pgd-05,PGD,Baymont by Wyndham Punta Gorda/Port Charlotte,"26560 N Jones Loop Rd",Punta Gorda,33950,26.9100,-81.9890,2.1,80,budget,none,C,"tied to Allegiant bank times",low,"Budget tier. Thin captures."
apf-01,APF,Hilton Naples,"5111 Tamiami Trl N",Naples,34103,26.1900,-81.8020,2.6,199,full_service,none,A,"18:00-22:30;season Nov-Apr",medium,"Best standing spot in the Naples zone. Full-service, no shuttle, restaurant-heavy corridor."
apf-02,APF,Inn on Fifth,"699 5th Ave S",Naples,34102,26.1410,-81.7950,1.5,119,boutique,none,A,"18:30-23:30;season Nov-Apr",high,"Heart of 5th Avenue South dining. The single most reliable evening surge address in Naples."
apf-03,APF,Hyatt House Naples/5th Avenue,"1345 5th Ave S",Naples,34102,26.1400,-81.7890,1.3,162,select_service,none,A,"18:00-23:00;season Nov-Apr",high,"On 5th Ave S with a marina. Strong dinner and beach-run demand."
apf-04,APF,AC Hotel by Marriott Naples 5th Avenue,"1000 5th Ave S",Naples,34102,26.1405,-81.7920,1.4,150,select_service,none,A,"18:00-23:00;season Nov-Apr",high,"Newer build on the 5th Ave corridor. Younger guest mix means higher rideshare uptake."
apf-05,APF,Holiday Inn Express Naples Downtown - 5th Avenue,"1100 9th St N",Naples,34102,26.1480,-81.7930,1.2,105,select_service,none,B,"18:00-22:00",medium,"Closest cluster to APF itself. Solid but lower fare-per-trip than the boutiques."
apf-06,APF,La Quinta Inn & Suites by Wyndham Naples Downtown,"185 Bedzel Cir",Naples,34104,26.1490,-81.7690,1.3,140,budget,none,B,"18:00-21:30",medium,"Confirmed 1.3 mi from APF. Budget tier - volume over fare size."
apf-07,APF,Naples Grande Beach Resort,"475 Seagate Dr",Naples,34103,26.2010,-81.8130,3.4,474,resort,none,A,"18:00-22:30;season Nov-Apr",medium,"Just outside 3 mi but by far the largest room count in the zone. Worth the deadhead in season."
apf-08,APF,Bellasera Resort,"221 9th St S",Naples,34102,26.1430,-81.7930,1.4,100,resort,none,B,"18:00-22:00",medium,"All-suite resort a block off 5th Ave S."
apf-09,APF,Cove Inn on Naples Bay,"900 Broad Ave S",Naples,34102,26.1350,-81.7940,1.8,100,boutique,none,C,"18:00-21:00",medium,"Bayfront, quieter. Situational."
apf-10,APF,Trianon Old Naples,"955 7th Ave S",Naples,34102,26.1390,-81.7940,1.5,58,boutique,none,C,"18:30-22:00",medium,"Small property. Only worth it while already staged on 5th Ave."
apf-11,APF,Courtyard Naples,"3250 Tamiami Trl N",Naples,34103,26.1740,-81.8000,2.0,120,select_service,none,B,"18:00-21:30",medium,"Mid-corridor between APF and the Hilton. Reasonable bridge spot."
